Model,Train_Accuracy,Test_Accuracy,CV_Mean,CV_Std,F1_Macro
Multinomial NB,0.9875,0.575,0.655,0.04301162633521314,0.5595360006350718
Complement NB,0.9875,0.65,0.68,0.05787918451395114,0.6225490196078431
Logistic Reg,1.0,0.725,0.6950000000000001,0.043011626335213125,0.7168174962292609
Linear SVM,1.0,0.675,0.68,0.043011626335213125,0.655982905982906
